post_text,type,order
"ğŸ“ˆ Morning Brief: Range vibes, retail on deck

Indexes flat, housing starts beat, Home Depot miss w/ upbeat tone; SPY levels to watch inside.",one-off,1
ğŸ  Housing Starts surprised to the upside (1.43M vs 1.29M expected). Rate-cut expectations make housing-sensitive names a focal point.,one-off,2
"ğŸ“Š SPY Levels:
S1: 642.13 | S2: 641.34/640
R1: 643.95 | R2: 644.70 | R3: 645.50+",one-off,3
"ğŸ“ˆ Earnings in Focus:
â€¢ HD: Small miss on rev/EPS ($45.3B vs $45.41B; $4.68 vs $4.72) but reiterated FY; momentum in smaller pro...
â€¢ PANW: +6% AH on revenue/EPS beat ($2.54B vs $2.50B; $0.95 vs $0.89); margin strength; watch cyber basket f...
",one-off,4
"ğŸ¯ Day Plan:
â€¢ Fade extremes of the range until it breaks; size down in chop.
â€¢ Track HD for retail read-through and position into TGT tomorrow.
â€¢ Cybersecurity leaders (PANW) for trend continuation on pullbacks.
",one-off,5
"ğŸ§µ Options Plunge Morning Brief Thread

Indexes are flat after yesterday's tight range; with light news flow, expect range trading unless levels break.",thread,1
"ğŸ“Š Key Levels to Watch:

SPY: S1 642.13 | S2 641.34/640 | R1 643.95 | R2 644.70 | R3 645.50+",thread,2
"ğŸ“ˆ Earnings Highlights:
â€¢ HD: Small miss on rev/EPS ($45.3B vs $45.41B; $4.68 vs $4.72) but reiterated FY; mom...
â€¢ PANW: +6% AH on revenue/EPS beat ($2.54B vs $2.50B; $0.95 vs $0.89); margin strength; ...
",thread,3
"ğŸ¯ Today's Plan:
1. Fade extremes of the range until it breaks; size down in chop.
2. Track HD for retail read-through and position into TGT tomorrow.
",thread,4
"ğŸ“ˆ Swing Plan:
1. Housing-linked names if data strength + rate-cut narrative persists; look for bases resolving higher.
2. If SPY reclaims 644.70/645.50 and holds, consider adding to strength; lose 640 with momentum and tighten risk.
",thread,5
"ğŸ”® On Deck: Target (TGT) earnings tomorrow; monitor retail read-through.

ğŸ“§ Get the full brief: https://optionsplunge.com",thread,6
